"Trait","Locus","MarkerName","CS","PIP","Purity","Allele1","Allele2","Freq1","FreqSE","MinFreq","MaxFreq","Effect","StdErr","P.value","Direction","HetISq","HetChiSq","HetDf","HetPVal","N","CHR","BP"
"DMFS","chr15:63636878","15:63625176","L1",1,1,"t","g",0.57,0.1008,0.4599,0.6951,-0.0421,0.009,3.317e-06,"-+------+---+-",29.7,18.503,13,0.1393,26790,15,63625176
"DMFS","chr15:63636878","15:63624526","L2",1,1,"t","c",0.4285,0.1009,0.3037,0.5402,0.0424,0.009,2.73e-06,"+-++++++-+++-+",28.7,18.236,13,0.1488,26791,15,63624526
"DMFS","chr15:63636878","15:63639416","L3",1,1,"t","c",0.5404,0.1218,0.4162,0.6851,-0.052,0.0092,1.584e-08,"-+------------",27.5,17.927,13,0.1603,26789,15,63639416
"DMFS","chr15:63636878","15:63661150","L7",1,1,"d","i",0.4818,0.0745,0.3852,0.5603,-0.0447,0.009,6.235e-07,"??----------+-",23.6,14.395,11,0.2119,25674,15,63661150
"DMFS","chr15:63636878","15:63636878","L8",1,1,"t","c",0.4505,0.0939,0.3387,0.5441,0.0492,0.009,4.126e-08,"+-++++++++++++",26.9,17.775,13,0.1663,26790,15,63636878
"DMFS","chr15:63639416","15:63625176","L1",1,1,"t","g",0.57,0.1008,0.4599,0.6951,-0.0421,0.009,3.317e-06,"-+------+---+-",29.7,18.503,13,0.1393,26790,15,63625176
"DMFS","chr15:63639416","15:63624526","L2",1,1,"t","c",0.4285,0.1009,0.3037,0.5402,0.0424,0.009,2.73e-06,"+-++++++-+++-+",28.7,18.236,13,0.1488,26791,15,63624526
"DMFS","chr15:63639416","15:63639416","L3",1,1,"t","c",0.5404,0.1218,0.4162,0.6851,-0.052,0.0092,1.584e-08,"-+------------",27.5,17.927,13,0.1603,26789,15,63639416
"DMFS","chr15:63639416","15:63661150","L7",1,1,"d","i",0.4818,0.0745,0.3852,0.5603,-0.0447,0.009,6.235e-07,"??----------+-",23.6,14.395,11,0.2119,25674,15,63661150
"DMFS","chr15:63639416","15:63636878","L8",1,1,"t","c",0.4505,0.0939,0.3387,0.5441,0.0492,0.009,4.126e-08,"+-++++++++++++",26.9,17.775,13,0.1663,26790,15,63636878
"DMFS","chr15:63642284","15:63625176","L1",1,1,"t","g",0.57,0.1008,0.4599,0.6951,-0.0421,0.009,3.317e-06,"-+------+---+-",29.7,18.503,13,0.1393,26790,15,63625176
"DMFS","chr15:63642284","15:63624526","L2",1,1,"t","c",0.4285,0.1009,0.3037,0.5402,0.0424,0.009,2.73e-06,"+-++++++-+++-+",28.7,18.236,13,0.1488,26791,15,63624526
"DMFS","chr15:63642284","15:63639416","L3",1,1,"t","c",0.5404,0.1218,0.4162,0.6851,-0.052,0.0092,1.584e-08,"-+------------",27.5,17.927,13,0.1603,26789,15,63639416
"DMFS","chr15:63642284","15:63661150","L7",1,1,"d","i",0.4818,0.0745,0.3852,0.5603,-0.0447,0.009,6.235e-07,"??----------+-",23.6,14.395,11,0.2119,25674,15,63661150
"DMFS","chr15:63642284","15:63636878","L8",1,1,"t","c",0.4505,0.0939,0.3387,0.5441,0.0492,0.009,4.126e-08,"+-++++++++++++",26.9,17.775,13,0.1663,26790,15,63636878
"DMFS","chr15:63648678","15:63625176","L1",1,1,"t","g",0.57,0.1008,0.4599,0.6951,-0.0421,0.009,3.317e-06,"-+------+---+-",29.7,18.503,13,0.1393,26790,15,63625176
"DMFS","chr15:63648678","15:63624526","L2",1,1,"t","c",0.4285,0.1009,0.3037,0.5402,0.0424,0.009,2.73e-06,"+-++++++-+++-+",28.7,18.236,13,0.1488,26791,15,63624526
"DMFS","chr15:63648678","15:63639416","L3",1,1,"t","c",0.5404,0.1218,0.4162,0.6851,-0.052,0.0092,1.584e-08,"-+------------",27.5,17.927,13,0.1603,26789,15,63639416
"DMFS","chr15:63648678","15:63661150","L7",1,1,"d","i",0.4818,0.0745,0.3852,0.5603,-0.0447,0.009,6.235e-07,"??----------+-",23.6,14.395,11,0.2119,25674,15,63661150
"DMFS","chr15:63648678","15:63636878","L8",1,1,"t","c",0.4505,0.0939,0.3387,0.5441,0.0492,0.009,4.126e-08,"+-++++++++++++",26.9,17.775,13,0.1663,26790,15,63636878
"DMFS","chr15:63649494","15:63625176","L1",1,1,"t","g",0.57,0.1008,0.4599,0.6951,-0.0421,0.009,3.317e-06,"-+------+---+-",29.7,18.503,13,0.1393,26790,15,63625176
"DMFS","chr15:63649494","15:63624526","L2",1,1,"t","c",0.4285,0.1009,0.3037,0.5402,0.0424,0.009,2.73e-06,"+-++++++-+++-+",28.7,18.236,13,0.1488,26791,15,63624526
"DMFS","chr15:63649494","15:63639416","L3",1,1,"t","c",0.5404,0.1218,0.4162,0.6851,-0.052,0.0092,1.584e-08,"-+------------",27.5,17.927,13,0.1603,26789,15,63639416
"DMFS","chr15:63649494","15:63661150","L7",1,1,"d","i",0.4818,0.0745,0.3852,0.5603,-0.0447,0.009,6.235e-07,"??----------+-",23.6,14.395,11,0.2119,25674,15,63661150
"DMFS","chr15:63649494","15:63636878","L8",1,1,"t","c",0.4505,0.0939,0.3387,0.5441,0.0492,0.009,4.126e-08,"+-++++++++++++",26.9,17.775,13,0.1663,26790,15,63636878
"DMFS","chr5:134504407","5:134507859","L1",1,1,"t","c",0.5648,0.0299,0.5359,0.6123,0.0633,0.0087,3.854e-13,"++++++++++++++",26.4,17.672,13,0.1704,26790,5,134507859
"DMFS","chr5:134504407","5:134510772","L2",1,1,"a","t",0.4299,0.025,0.3875,0.4571,-0.0622,0.0087,1.017e-12,"--------------",28,18.064,13,0.1551,26791,5,134510772
"DMFS","chr5:134507139","5:134507859","L1",1,1,"t","c",0.5648,0.0299,0.5359,0.6123,0.0633,0.0087,3.854e-13,"++++++++++++++",26.4,17.672,13,0.1704,26790,5,134507859
"DMFS","chr5:134507139","5:134510772","L2",1,1,"a","t",0.4299,0.025,0.3875,0.4571,-0.0622,0.0087,1.017e-12,"--------------",28,18.064,13,0.1551,26791,5,134510772
"DMFS","chr5:134507859","5:134507859","L1",1,1,"t","c",0.5648,0.0299,0.5359,0.6123,0.0633,0.0087,3.854e-13,"++++++++++++++",26.4,17.672,13,0.1704,26790,5,134507859
"DMFS","chr5:134507859","5:134510772","L2",1,1,"a","t",0.4299,0.025,0.3875,0.4571,-0.0622,0.0087,1.017e-12,"--------------",28,18.064,13,0.1551,26791,5,134510772
"DMFS","chr5:134508559","5:134507859","L1",1,1,"t","c",0.5648,0.0299,0.5359,0.6123,0.0633,0.0087,3.854e-13,"++++++++++++++",26.4,17.672,13,0.1704,26790,5,134507859
"DMFS","chr5:134508559","5:134510772","L2",1,1,"a","t",0.4299,0.025,0.3875,0.4571,-0.0622,0.0087,1.017e-12,"--------------",28,18.064,13,0.1551,26791,5,134510772
"DMFS","chr5:134509677","5:134507859","L1",1,1,"t","c",0.5648,0.0299,0.5359,0.6123,0.0633,0.0087,3.854e-13,"++++++++++++++",26.4,17.672,13,0.1704,26790,5,134507859
"DMFS","chr5:134509677","5:134510772","L2",1,1,"a","t",0.4299,0.025,0.3875,0.4571,-0.0622,0.0087,1.017e-12,"--------------",28,18.064,13,0.1551,26791,5,134510772
"DMFS","chr5:134509987","5:134507859","L1",1,1,"t","c",0.5648,0.0299,0.5359,0.6123,0.0633,0.0087,3.854e-13,"++++++++++++++",26.4,17.672,13,0.1704,26790,5,134507859
"DMFS","chr5:134509987","5:134510772","L2",1,1,"a","t",0.4299,0.025,0.3875,0.4571,-0.0622,0.0087,1.017e-12,"--------------",28,18.064,13,0.1551,26791,5,134510772
"DMFS","chr5:134510772","5:134507859","L1",1,1,"t","c",0.5648,0.0299,0.5359,0.6123,0.0633,0.0087,3.854e-13,"++++++++++++++",26.4,17.672,13,0.1704,26790,5,134507859
"DMFS","chr5:134510772","5:134510772","L2",1,1,"a","t",0.4299,0.025,0.3875,0.4571,-0.0622,0.0087,1.017e-12,"--------------",28,18.064,13,0.1551,26791,5,134510772
"DMFS","chr5:134512608","5:134507859","L1",1,1,"t","c",0.5648,0.0299,0.5359,0.6123,0.0633,0.0087,3.854e-13,"++++++++++++++",26.4,17.672,13,0.1704,26790,5,134507859
"DMFS","chr5:134512608","5:134510772","L2",1,1,"a","t",0.4299,0.025,0.3875,0.4571,-0.0622,0.0087,1.017e-12,"--------------",28,18.064,13,0.1551,26791,5,134510772
"DMFS","chr5:134512655","5:134507859","L1",1,1,"t","c",0.5648,0.0299,0.5359,0.6123,0.0633,0.0087,3.854e-13,"++++++++++++++",26.4,17.672,13,0.1704,26790,5,134507859
"DMFS","chr5:134512655","5:134510772","L2",1,1,"a","t",0.4299,0.025,0.3875,0.4571,-0.0622,0.0087,1.017e-12,"--------------",28,18.064,13,0.1551,26791,5,134510772
"DMFS","chr5:134514728","5:134507859","L1",1,1,"t","c",0.5648,0.0299,0.5359,0.6123,0.0633,0.0087,3.854e-13,"++++++++++++++",26.4,17.672,13,0.1704,26790,5,134507859
"DMFS","chr5:134514728","5:134510772","L2",1,1,"a","t",0.4299,0.025,0.3875,0.4571,-0.0622,0.0087,1.017e-12,"--------------",28,18.064,13,0.1551,26791,5,134510772
"DMFS","chr5:134519009","5:134507859","L1",1,1,"t","c",0.5648,0.0299,0.5359,0.6123,0.0633,0.0087,3.854e-13,"++++++++++++++",26.4,17.672,13,0.1704,26790,5,134507859
"DMFS","chr5:134519009","5:134510772","L2",1,1,"a","t",0.4299,0.025,0.3875,0.4571,-0.0622,0.0087,1.017e-12,"--------------",28,18.064,13,0.1551,26791,5,134510772
"DMFS","chr5:134519345","5:134507859","L1",1,1,"t","c",0.5648,0.0299,0.5359,0.6123,0.0633,0.0087,3.854e-13,"++++++++++++++",26.4,17.672,13,0.1704,26790,5,134507859
"DMFS","chr5:134519345","5:134510772","L2",1,1,"a","t",0.4299,0.025,0.3875,0.4571,-0.0622,0.0087,1.017e-12,"--------------",28,18.064,13,0.1551,26791,5,134510772
"DMFS","chr5:134522977","5:134507859","L1",1,1,"t","c",0.5648,0.0299,0.5359,0.6123,0.0633,0.0087,3.854e-13,"++++++++++++++",26.4,17.672,13,0.1704,26790,5,134507859
"DMFS","chr5:134522977","5:134510772","L2",1,1,"a","t",0.4299,0.025,0.3875,0.4571,-0.0622,0.0087,1.017e-12,"--------------",28,18.064,13,0.1551,26791,5,134510772
"DMFS","chr5:134532593","5:134507859","L1",1,1,"t","c",0.5648,0.0299,0.5359,0.6123,0.0633,0.0087,3.854e-13,"++++++++++++++",26.4,17.672,13,0.1704,26790,5,134507859
"DMFS","chr5:134532593","5:134510772","L2",1,1,"a","t",0.4299,0.025,0.3875,0.4571,-0.0622,0.0087,1.017e-12,"--------------",28,18.064,13,0.1551,26791,5,134510772
"DMFS","chr7:105964857","7:106046806","L1",1,1,"d","i",0.9558,0.0113,0.9467,0.9855,-0.0992,0.0225,1.016e-05,"??---+-----+--",0,4.649,11,0.947,25674,7,106046806
"DMFS","chr15:63636878","15:63678447","L5",0.999999999999876,1,"c","g",0.5642,0.0992,0.4605,0.6825,-0.0423,0.009,2.91e-06,"+-------+---+-",0,12.39,13,0.496,26790,15,63678447
"DMFS","chr15:63639416","15:63678447","L5",0.999999999999876,1,"c","g",0.5642,0.0992,0.4605,0.6825,-0.0423,0.009,2.91e-06,"+-------+---+-",0,12.39,13,0.496,26790,15,63678447
"DMFS","chr15:63642284","15:63678447","L5",0.999999999999876,1,"c","g",0.5642,0.0992,0.4605,0.6825,-0.0423,0.009,2.91e-06,"+-------+---+-",0,12.39,13,0.496,26790,15,63678447
"DMFS","chr15:63648678","15:63678447","L5",0.999999999999876,1,"c","g",0.5642,0.0992,0.4605,0.6825,-0.0423,0.009,2.91e-06,"+-------+---+-",0,12.39,13,0.496,26790,15,63678447
"DMFS","chr15:63649494","15:63678447","L5",0.999999999999876,1,"c","g",0.5642,0.0992,0.4605,0.6825,-0.0423,0.009,2.91e-06,"+-------+---+-",0,12.39,13,0.496,26790,15,63678447
"DMFS","chr15:63636878","15:63648678","L4",0.99999998838677,1,"t","c",0.4652,0.1306,0.3053,0.5924,0.052,0.0091,1.146e-08,"++++++++-+++-+",22,16.666,13,0.215,26790,15,63648678
"DMFS","chr15:63639416","15:63648678","L4",0.99999998838677,1,"t","c",0.4652,0.1306,0.3053,0.5924,0.052,0.0091,1.146e-08,"++++++++-+++-+",22,16.666,13,0.215,26790,15,63648678
"DMFS","chr15:63642284","15:63648678","L4",0.99999998838677,1,"t","c",0.4652,0.1306,0.3053,0.5924,0.052,0.0091,1.146e-08,"++++++++-+++-+",22,16.666,13,0.215,26790,15,63648678
"DMFS","chr15:63648678","15:63648678","L4",0.99999998838677,1,"t","c",0.4652,0.1306,0.3053,0.5924,0.052,0.0091,1.146e-08,"++++++++-+++-+",22,16.666,13,0.215,26790,15,63648678
"DMFS","chr15:63649494","15:63648678","L4",0.99999998838677,1,"t","c",0.4652,0.1306,0.3053,0.5924,0.052,0.0091,1.146e-08,"++++++++-+++-+",22,16.666,13,0.215,26790,15,63648678
"DMFS","chr15:63636878","15:63675992","L6",0.99999998669174,1,"d","i",0.4086,0.0841,0.3129,0.5001,0.0391,0.0093,2.485e-05,"??++++++-+++-+",23.6,14.403,11,0.2115,25675,15,63675992
"DMFS","chr15:63639416","15:63675992","L6",0.99999998669174,1,"d","i",0.4086,0.0841,0.3129,0.5001,0.0391,0.0093,2.485e-05,"??++++++-+++-+",23.6,14.403,11,0.2115,25675,15,63675992
"DMFS","chr15:63642284","15:63675992","L6",0.99999998669174,1,"d","i",0.4086,0.0841,0.3129,0.5001,0.0391,0.0093,2.485e-05,"??++++++-+++-+",23.6,14.403,11,0.2115,25675,15,63675992
"DMFS","chr15:63648678","15:63675992","L6",0.99999998669174,1,"d","i",0.4086,0.0841,0.3129,0.5001,0.0391,0.0093,2.485e-05,"??++++++-+++-+",23.6,14.403,11,0.2115,25675,15,63675992
"DMFS","chr15:63649494","15:63675992","L6",0.99999998669174,1,"d","i",0.4086,0.0841,0.3129,0.5001,0.0391,0.0093,2.485e-05,"??++++++-+++-+",23.6,14.403,11,0.2115,25675,15,63675992
"DMFS","chr7:105964857","7:106040360","L2",0.967185426107801,1,"a","g",0.0437,0.0115,0.0145,0.0532,0.0973,0.0222,1.162e-05,"-++++-+++++-++",0,6.599,13,0.9216,26791,7,106040360
"DMFS","chr7:105964857","7:106040271","L2",0.967185426107801,1,"a","g",0.0437,0.0115,0.0145,0.0532,0.0973,0.0222,1.154e-05,"-++++-+++++-++",0,6.599,13,0.9216,26790,7,106040271
