"Trait","Locus","MarkerName","PIP","external_gene_name","ensembl_gene_id","entrez_gene_id","distance_to_gene","CS","Purity","Allele1","Allele2","Freq1","FreqSE","MinFreq","MaxFreq","Effect","StdErr","P.value","Direction","HetISq","HetChiSq","HetDf","HetPVal","N","CHR","BP","gene_chr","gene_start","gene_end"
"DMFS","chr5:134504407","5:134509677",1,"PITX1-AS1","ENSG00000224186","100996485",0,"L1",1,"t","c",0.5609,0.032,0.5293,0.6112,0.0637,0.0087,2.393e-13,"++++++++++++++",25.7,17.501,13,0.1774,26791,5,134509677,"chr5",134368970,134680370
"DMFS","chr5:134507139","5:134509677",1,"PITX1-AS1","ENSG00000224186","100996485",0,"L1",1,"t","c",0.5609,0.032,0.5293,0.6112,0.0637,0.0087,2.393e-13,"++++++++++++++",25.7,17.501,13,0.1774,26791,5,134509677,"chr5",134368970,134680370
"DMFS","chr5:134507859","5:134509677",1,"PITX1-AS1","ENSG00000224186","100996485",0,"L1",1,"t","c",0.5609,0.032,0.5293,0.6112,0.0637,0.0087,2.393e-13,"++++++++++++++",25.7,17.501,13,0.1774,26791,5,134509677,"chr5",134368970,134680370
"DMFS","chr5:134508559","5:134509677",1,"PITX1-AS1","ENSG00000224186","100996485",0,"L1",1,"t","c",0.5609,0.032,0.5293,0.6112,0.0637,0.0087,2.393e-13,"++++++++++++++",25.7,17.501,13,0.1774,26791,5,134509677,"chr5",134368970,134680370
"DMFS","chr5:134509677","5:134509677",1,"PITX1-AS1","ENSG00000224186","100996485",0,"L1",1,"t","c",0.5609,0.032,0.5293,0.6112,0.0637,0.0087,2.393e-13,"++++++++++++++",25.7,17.501,13,0.1774,26791,5,134509677,"chr5",134368970,134680370
"DMFS","chr5:134509987","5:134509677",1,"PITX1-AS1","ENSG00000224186","100996485",0,"L1",1,"t","c",0.5609,0.032,0.5293,0.6112,0.0637,0.0087,2.393e-13,"++++++++++++++",25.7,17.501,13,0.1774,26791,5,134509677,"chr5",134368970,134680370
"DMFS","chr5:134510772","5:134509677",1,"PITX1-AS1","ENSG00000224186","100996485",0,"L1",1,"t","c",0.5609,0.032,0.5293,0.6112,0.0637,0.0087,2.393e-13,"++++++++++++++",25.7,17.501,13,0.1774,26791,5,134509677,"chr5",134368970,134680370
"DMFS","chr5:134512608","5:134509677",1,"PITX1-AS1","ENSG00000224186","100996485",0,"L1",1,"t","c",0.5609,0.032,0.5293,0.6112,0.0637,0.0087,2.393e-13,"++++++++++++++",25.7,17.501,13,0.1774,26791,5,134509677,"chr5",134368970,134680370
"DMFS","chr5:134512655","5:134509677",1,"PITX1-AS1","ENSG00000224186","100996485",0,"L1",1,"t","c",0.5609,0.032,0.5293,0.6112,0.0637,0.0087,2.393e-13,"++++++++++++++",25.7,17.501,13,0.1774,26791,5,134509677,"chr5",134368970,134680370
"DMFS","chr5:134514728","5:134509677",1,"PITX1-AS1","ENSG00000224186","100996485",0,"L1",1,"t","c",0.5609,0.032,0.5293,0.6112,0.0637,0.0087,2.393e-13,"++++++++++++++",25.7,17.501,13,0.1774,26791,5,134509677,"chr5",134368970,134680370
"DMFS","chr5:134519009","5:134509677",1,"PITX1-AS1","ENSG00000224186","100996485",0,"L1",1,"t","c",0.5609,0.032,0.5293,0.6112,0.0637,0.0087,2.393e-13,"++++++++++++++",25.7,17.501,13,0.1774,26791,5,134509677,"chr5",134368970,134680370
"DMFS","chr5:134519345","5:134509677",1,"PITX1-AS1","ENSG00000224186","100996485",0,"L1",1,"t","c",0.5609,0.032,0.5293,0.6112,0.0637,0.0087,2.393e-13,"++++++++++++++",25.7,17.501,13,0.1774,26791,5,134509677,"chr5",134368970,134680370
"DMFS","chr5:134522977","5:134509677",1,"PITX1-AS1","ENSG00000224186","100996485",0,"L1",1,"t","c",0.5609,0.032,0.5293,0.6112,0.0637,0.0087,2.393e-13,"++++++++++++++",25.7,17.501,13,0.1774,26791,5,134509677,"chr5",134368970,134680370
"DMFS","chr5:134532593","5:134509677",1,"PITX1-AS1","ENSG00000224186","100996485",0,"L1",1,"t","c",0.5609,0.032,0.5293,0.6112,0.0637,0.0087,2.393e-13,"++++++++++++++",25.7,17.501,13,0.1774,26791,5,134509677,"chr5",134368970,134680370
"DMFS","chr5:134504407","5:134509987",1,"PITX1-AS1","ENSG00000224186","100996485",0,"L7",1,"t","c",0.5626,0.0302,0.5332,0.6115,0.0637,0.0087,2.426e-13,"++++++++++++++",23.8,17.05,13,0.197,26792,5,134509987,"chr5",134368970,134680370
"DMFS","chr5:134507139","5:134509987",1,"PITX1-AS1","ENSG00000224186","100996485",0,"L7",1,"t","c",0.5626,0.0302,0.5332,0.6115,0.0637,0.0087,2.426e-13,"++++++++++++++",23.8,17.05,13,0.197,26792,5,134509987,"chr5",134368970,134680370
"DMFS","chr5:134507859","5:134509987",1,"PITX1-AS1","ENSG00000224186","100996485",0,"L7",1,"t","c",0.5626,0.0302,0.5332,0.6115,0.0637,0.0087,2.426e-13,"++++++++++++++",23.8,17.05,13,0.197,26792,5,134509987,"chr5",134368970,134680370
"DMFS","chr5:134508559","5:134509987",1,"PITX1-AS1","ENSG00000224186","100996485",0,"L7",1,"t","c",0.5626,0.0302,0.5332,0.6115,0.0637,0.0087,2.426e-13,"++++++++++++++",23.8,17.05,13,0.197,26792,5,134509987,"chr5",134368970,134680370
"DMFS","chr5:134509677","5:134509987",1,"PITX1-AS1","ENSG00000224186","100996485",0,"L7",1,"t","c",0.5626,0.0302,0.5332,0.6115,0.0637,0.0087,2.426e-13,"++++++++++++++",23.8,17.05,13,0.197,26792,5,134509987,"chr5",134368970,134680370
"DMFS","chr5:134509987","5:134509987",1,"PITX1-AS1","ENSG00000224186","100996485",0,"L7",1,"t","c",0.5626,0.0302,0.5332,0.6115,0.0637,0.0087,2.426e-13,"++++++++++++++",23.8,17.05,13,0.197,26792,5,134509987,"chr5",134368970,134680370
"DMFS","chr5:134510772","5:134509987",1,"PITX1-AS1","ENSG00000224186","100996485",0,"L7",1,"t","c",0.5626,0.0302,0.5332,0.6115,0.0637,0.0087,2.426e-13,"++++++++++++++",23.8,17.05,13,0.197,26792,5,134509987,"chr5",134368970,134680370
"DMFS","chr5:134512608","5:134509987",1,"PITX1-AS1","ENSG00000224186","100996485",0,"L7",1,"t","c",0.5626,0.0302,0.5332,0.6115,0.0637,0.0087,2.426e-13,"++++++++++++++",23.8,17.05,13,0.197,26792,5,134509987,"chr5",134368970,134680370
"DMFS","chr5:134512655","5:134509987",1,"PITX1-AS1","ENSG00000224186","100996485",0,"L7",1,"t","c",0.5626,0.0302,0.5332,0.6115,0.0637,0.0087,2.426e-13,"++++++++++++++",23.8,17.05,13,0.197,26792,5,134509987,"chr5",134368970,134680370
"DMFS","chr5:134514728","5:134509987",1,"PITX1-AS1","ENSG00000224186","100996485",0,"L7",1,"t","c",0.5626,0.0302,0.5332,0.6115,0.0637,0.0087,2.426e-13,"++++++++++++++",23.8,17.05,13,0.197,26792,5,134509987,"chr5",134368970,134680370
"DMFS","chr5:134519009","5:134509987",1,"PITX1-AS1","ENSG00000224186","100996485",0,"L7",1,"t","c",0.5626,0.0302,0.5332,0.6115,0.0637,0.0087,2.426e-13,"++++++++++++++",23.8,17.05,13,0.197,26792,5,134509987,"chr5",134368970,134680370
"DMFS","chr5:134519345","5:134509987",1,"PITX1-AS1","ENSG00000224186","100996485",0,"L7",1,"t","c",0.5626,0.0302,0.5332,0.6115,0.0637,0.0087,2.426e-13,"++++++++++++++",23.8,17.05,13,0.197,26792,5,134509987,"chr5",134368970,134680370
"DMFS","chr5:134522977","5:134509987",1,"PITX1-AS1","ENSG00000224186","100996485",0,"L7",1,"t","c",0.5626,0.0302,0.5332,0.6115,0.0637,0.0087,2.426e-13,"++++++++++++++",23.8,17.05,13,0.197,26792,5,134509987,"chr5",134368970,134680370
"DMFS","chr5:134532593","5:134509987",1,"PITX1-AS1","ENSG00000224186","100996485",0,"L7",1,"t","c",0.5626,0.0302,0.5332,0.6115,0.0637,0.0087,2.426e-13,"++++++++++++++",23.8,17.05,13,0.197,26792,5,134509987,"chr5",134368970,134680370
"DMFS","chr5:134504407","5:134508559",1,"PITX1-AS1","ENSG00000224186","100996485",0,"L9",1,"a","g",0.5591,0.033,0.5263,0.6102,0.0634,0.0087,3.364e-13,"++++++++++++++",23.7,17.043,13,0.1974,26790,5,134508559,"chr5",134368970,134680370
"DMFS","chr5:134507139","5:134508559",1,"PITX1-AS1","ENSG00000224186","100996485",0,"L9",1,"a","g",0.5591,0.033,0.5263,0.6102,0.0634,0.0087,3.364e-13,"++++++++++++++",23.7,17.043,13,0.1974,26790,5,134508559,"chr5",134368970,134680370
"DMFS","chr5:134507859","5:134508559",1,"PITX1-AS1","ENSG00000224186","100996485",0,"L9",1,"a","g",0.5591,0.033,0.5263,0.6102,0.0634,0.0087,3.364e-13,"++++++++++++++",23.7,17.043,13,0.1974,26790,5,134508559,"chr5",134368970,134680370
"DMFS","chr5:134508559","5:134508559",1,"PITX1-AS1","ENSG00000224186","100996485",0,"L9",1,"a","g",0.5591,0.033,0.5263,0.6102,0.0634,0.0087,3.364e-13,"++++++++++++++",23.7,17.043,13,0.1974,26790,5,134508559,"chr5",134368970,134680370
"DMFS","chr5:134509677","5:134508559",1,"PITX1-AS1","ENSG00000224186","100996485",0,"L9",1,"a","g",0.5591,0.033,0.5263,0.6102,0.0634,0.0087,3.364e-13,"++++++++++++++",23.7,17.043,13,0.1974,26790,5,134508559,"chr5",134368970,134680370
"DMFS","chr5:134509987","5:134508559",1,"PITX1-AS1","ENSG00000224186","100996485",0,"L9",1,"a","g",0.5591,0.033,0.5263,0.6102,0.0634,0.0087,3.364e-13,"++++++++++++++",23.7,17.043,13,0.1974,26790,5,134508559,"chr5",134368970,134680370
"DMFS","chr5:134510772","5:134508559",1,"PITX1-AS1","ENSG00000224186","100996485",0,"L9",1,"a","g",0.5591,0.033,0.5263,0.6102,0.0634,0.0087,3.364e-13,"++++++++++++++",23.7,17.043,13,0.1974,26790,5,134508559,"chr5",134368970,134680370
"DMFS","chr5:134512608","5:134508559",1,"PITX1-AS1","ENSG00000224186","100996485",0,"L9",1,"a","g",0.5591,0.033,0.5263,0.6102,0.0634,0.0087,3.364e-13,"++++++++++++++",23.7,17.043,13,0.1974,26790,5,134508559,"chr5",134368970,134680370
"DMFS","chr5:134512655","5:134508559",1,"PITX1-AS1","ENSG00000224186","100996485",0,"L9",1,"a","g",0.5591,0.033,0.5263,0.6102,0.0634,0.0087,3.364e-13,"++++++++++++++",23.7,17.043,13,0.1974,26790,5,134508559,"chr5",134368970,134680370
"DMFS","chr5:134514728","5:134508559",1,"PITX1-AS1","ENSG00000224186","100996485",0,"L9",1,"a","g",0.5591,0.033,0.5263,0.6102,0.0634,0.0087,3.364e-13,"++++++++++++++",23.7,17.043,13,0.1974,26790,5,134508559,"chr5",134368970,134680370
"DMFS","chr5:134519009","5:134508559",1,"PITX1-AS1","ENSG00000224186","100996485",0,"L9",1,"a","g",0.5591,0.033,0.5263,0.6102,0.0634,0.0087,3.364e-13,"++++++++++++++",23.7,17.043,13,0.1974,26790,5,134508559,"chr5",134368970,134680370
"DMFS","chr5:134519345","5:134508559",1,"PITX1-AS1","ENSG00000224186","100996485",0,"L9",1,"a","g",0.5591,0.033,0.5263,0.6102,0.0634,0.0087,3.364e-13,"++++++++++++++",23.7,17.043,13,0.1974,26790,5,134508559,"chr5",134368970,134680370
"DMFS","chr5:134522977","5:134508559",1,"PITX1-AS1","ENSG00000224186","100996485",0,"L9",1,"a","g",0.5591,0.033,0.5263,0.6102,0.0634,0.0087,3.364e-13,"++++++++++++++",23.7,17.043,13,0.1974,26790,5,134508559,"chr5",134368970,134680370
"DMFS","chr5:134532593","5:134508559",1,"PITX1-AS1","ENSG00000224186","100996485",0,"L9",1,"a","g",0.5591,0.033,0.5263,0.6102,0.0634,0.0087,3.364e-13,"++++++++++++++",23.7,17.043,13,0.1974,26790,5,134508559,"chr5",134368970,134680370
"DMFS","chr5:134504407","5:134507859",1,"PITX1-AS1","ENSG00000224186","100996485",0,"L3",1,"t","c",0.5648,0.0299,0.5359,0.6123,0.0633,0.0087,3.854e-13,"++++++++++++++",26.4,17.672,13,0.1704,26790,5,134507859,"chr5",134368970,134680370
"DMFS","chr5:134507139","5:134507859",1,"PITX1-AS1","ENSG00000224186","100996485",0,"L3",1,"t","c",0.5648,0.0299,0.5359,0.6123,0.0633,0.0087,3.854e-13,"++++++++++++++",26.4,17.672,13,0.1704,26790,5,134507859,"chr5",134368970,134680370
"DMFS","chr5:134507859","5:134507859",1,"PITX1-AS1","ENSG00000224186","100996485",0,"L3",1,"t","c",0.5648,0.0299,0.5359,0.6123,0.0633,0.0087,3.854e-13,"++++++++++++++",26.4,17.672,13,0.1704,26790,5,134507859,"chr5",134368970,134680370
"DMFS","chr5:134508559","5:134507859",1,"PITX1-AS1","ENSG00000224186","100996485",0,"L3",1,"t","c",0.5648,0.0299,0.5359,0.6123,0.0633,0.0087,3.854e-13,"++++++++++++++",26.4,17.672,13,0.1704,26790,5,134507859,"chr5",134368970,134680370
"DMFS","chr5:134509677","5:134507859",1,"PITX1-AS1","ENSG00000224186","100996485",0,"L3",1,"t","c",0.5648,0.0299,0.5359,0.6123,0.0633,0.0087,3.854e-13,"++++++++++++++",26.4,17.672,13,0.1704,26790,5,134507859,"chr5",134368970,134680370
"DMFS","chr5:134509987","5:134507859",1,"PITX1-AS1","ENSG00000224186","100996485",0,"L3",1,"t","c",0.5648,0.0299,0.5359,0.6123,0.0633,0.0087,3.854e-13,"++++++++++++++",26.4,17.672,13,0.1704,26790,5,134507859,"chr5",134368970,134680370
"DMFS","chr5:134510772","5:134507859",1,"PITX1-AS1","ENSG00000224186","100996485",0,"L3",1,"t","c",0.5648,0.0299,0.5359,0.6123,0.0633,0.0087,3.854e-13,"++++++++++++++",26.4,17.672,13,0.1704,26790,5,134507859,"chr5",134368970,134680370
"DMFS","chr5:134512608","5:134507859",1,"PITX1-AS1","ENSG00000224186","100996485",0,"L3",1,"t","c",0.5648,0.0299,0.5359,0.6123,0.0633,0.0087,3.854e-13,"++++++++++++++",26.4,17.672,13,0.1704,26790,5,134507859,"chr5",134368970,134680370
"DMFS","chr5:134512655","5:134507859",1,"PITX1-AS1","ENSG00000224186","100996485",0,"L3",1,"t","c",0.5648,0.0299,0.5359,0.6123,0.0633,0.0087,3.854e-13,"++++++++++++++",26.4,17.672,13,0.1704,26790,5,134507859,"chr5",134368970,134680370
"DMFS","chr5:134514728","5:134507859",1,"PITX1-AS1","ENSG00000224186","100996485",0,"L3",1,"t","c",0.5648,0.0299,0.5359,0.6123,0.0633,0.0087,3.854e-13,"++++++++++++++",26.4,17.672,13,0.1704,26790,5,134507859,"chr5",134368970,134680370
"DMFS","chr5:134519009","5:134507859",1,"PITX1-AS1","ENSG00000224186","100996485",0,"L3",1,"t","c",0.5648,0.0299,0.5359,0.6123,0.0633,0.0087,3.854e-13,"++++++++++++++",26.4,17.672,13,0.1704,26790,5,134507859,"chr5",134368970,134680370
"DMFS","chr5:134519345","5:134507859",1,"PITX1-AS1","ENSG00000224186","100996485",0,"L3",1,"t","c",0.5648,0.0299,0.5359,0.6123,0.0633,0.0087,3.854e-13,"++++++++++++++",26.4,17.672,13,0.1704,26790,5,134507859,"chr5",134368970,134680370
"DMFS","chr5:134522977","5:134507859",1,"PITX1-AS1","ENSG00000224186","100996485",0,"L3",1,"t","c",0.5648,0.0299,0.5359,0.6123,0.0633,0.0087,3.854e-13,"++++++++++++++",26.4,17.672,13,0.1704,26790,5,134507859,"chr5",134368970,134680370
"DMFS","chr5:134532593","5:134507859",1,"PITX1-AS1","ENSG00000224186","100996485",0,"L3",1,"t","c",0.5648,0.0299,0.5359,0.6123,0.0633,0.0087,3.854e-13,"++++++++++++++",26.4,17.672,13,0.1704,26790,5,134507859,"chr5",134368970,134680370
"DMFS","chr5:134504407","5:134512608",1,"PITX1-AS1","ENSG00000224186","100996485",0,"L5",1,"a","c",0.5661,0.0302,0.5369,0.614,0.0624,0.0087,7.881e-13,"++++++++++++++",27.2,17.848,13,0.1634,26791,5,134512608,"chr5",134368970,134680370
"DMFS","chr5:134507139","5:134512608",1,"PITX1-AS1","ENSG00000224186","100996485",0,"L5",1,"a","c",0.5661,0.0302,0.5369,0.614,0.0624,0.0087,7.881e-13,"++++++++++++++",27.2,17.848,13,0.1634,26791,5,134512608,"chr5",134368970,134680370
"DMFS","chr5:134507859","5:134512608",1,"PITX1-AS1","ENSG00000224186","100996485",0,"L5",1,"a","c",0.5661,0.0302,0.5369,0.614,0.0624,0.0087,7.881e-13,"++++++++++++++",27.2,17.848,13,0.1634,26791,5,134512608,"chr5",134368970,134680370
"DMFS","chr5:134508559","5:134512608",1,"PITX1-AS1","ENSG00000224186","100996485",0,"L5",1,"a","c",0.5661,0.0302,0.5369,0.614,0.0624,0.0087,7.881e-13,"++++++++++++++",27.2,17.848,13,0.1634,26791,5,134512608,"chr5",134368970,134680370
"DMFS","chr5:134509677","5:134512608",1,"PITX1-AS1","ENSG00000224186","100996485",0,"L5",1,"a","c",0.5661,0.0302,0.5369,0.614,0.0624,0.0087,7.881e-13,"++++++++++++++",27.2,17.848,13,0.1634,26791,5,134512608,"chr5",134368970,134680370
"DMFS","chr5:134509987","5:134512608",1,"PITX1-AS1","ENSG00000224186","100996485",0,"L5",1,"a","c",0.5661,0.0302,0.5369,0.614,0.0624,0.0087,7.881e-13,"++++++++++++++",27.2,17.848,13,0.1634,26791,5,134512608,"chr5",134368970,134680370
"DMFS","chr5:134510772","5:134512608",1,"PITX1-AS1","ENSG00000224186","100996485",0,"L5",1,"a","c",0.5661,0.0302,0.5369,0.614,0.0624,0.0087,7.881e-13,"++++++++++++++",27.2,17.848,13,0.1634,26791,5,134512608,"chr5",134368970,134680370
"DMFS","chr5:134512608","5:134512608",1,"PITX1-AS1","ENSG00000224186","100996485",0,"L5",1,"a","c",0.5661,0.0302,0.5369,0.614,0.0624,0.0087,7.881e-13,"++++++++++++++",27.2,17.848,13,0.1634,26791,5,134512608,"chr5",134368970,134680370
"DMFS","chr5:134512655","5:134512608",1,"PITX1-AS1","ENSG00000224186","100996485",0,"L5",1,"a","c",0.5661,0.0302,0.5369,0.614,0.0624,0.0087,7.881e-13,"++++++++++++++",27.2,17.848,13,0.1634,26791,5,134512608,"chr5",134368970,134680370
"DMFS","chr5:134514728","5:134512608",1,"PITX1-AS1","ENSG00000224186","100996485",0,"L5",1,"a","c",0.5661,0.0302,0.5369,0.614,0.0624,0.0087,7.881e-13,"++++++++++++++",27.2,17.848,13,0.1634,26791,5,134512608,"chr5",134368970,134680370
"DMFS","chr5:134519009","5:134512608",1,"PITX1-AS1","ENSG00000224186","100996485",0,"L5",1,"a","c",0.5661,0.0302,0.5369,0.614,0.0624,0.0087,7.881e-13,"++++++++++++++",27.2,17.848,13,0.1634,26791,5,134512608,"chr5",134368970,134680370
"DMFS","chr5:134519345","5:134512608",1,"PITX1-AS1","ENSG00000224186","100996485",0,"L5",1,"a","c",0.5661,0.0302,0.5369,0.614,0.0624,0.0087,7.881e-13,"++++++++++++++",27.2,17.848,13,0.1634,26791,5,134512608,"chr5",134368970,134680370
"DMFS","chr5:134522977","5:134512608",1,"PITX1-AS1","ENSG00000224186","100996485",0,"L5",1,"a","c",0.5661,0.0302,0.5369,0.614,0.0624,0.0087,7.881e-13,"++++++++++++++",27.2,17.848,13,0.1634,26791,5,134512608,"chr5",134368970,134680370
"DMFS","chr5:134532593","5:134512608",1,"PITX1-AS1","ENSG00000224186","100996485",0,"L5",1,"a","c",0.5661,0.0302,0.5369,0.614,0.0624,0.0087,7.881e-13,"++++++++++++++",27.2,17.848,13,0.1634,26791,5,134512608,"chr5",134368970,134680370
"DMFS","chr5:134504407","5:134507139",1,"PITX1-AS1","ENSG00000224186","100996485",0,"L4",1,"t","c",0.405,0.016,0.3772,0.4535,-0.0632,0.0089,9.187e-13,"--------------",29,18.305,13,0.1463,26791,5,134507139,"chr5",134368970,134680370
"DMFS","chr5:134507139","5:134507139",1,"PITX1-AS1","ENSG00000224186","100996485",0,"L4",1,"t","c",0.405,0.016,0.3772,0.4535,-0.0632,0.0089,9.187e-13,"--------------",29,18.305,13,0.1463,26791,5,134507139,"chr5",134368970,134680370
"DMFS","chr5:134507859","5:134507139",1,"PITX1-AS1","ENSG00000224186","100996485",0,"L4",1,"t","c",0.405,0.016,0.3772,0.4535,-0.0632,0.0089,9.187e-13,"--------------",29,18.305,13,0.1463,26791,5,134507139,"chr5",134368970,134680370
"DMFS","chr5:134508559","5:134507139",1,"PITX1-AS1","ENSG00000224186","100996485",0,"L4",1,"t","c",0.405,0.016,0.3772,0.4535,-0.0632,0.0089,9.187e-13,"--------------",29,18.305,13,0.1463,26791,5,134507139,"chr5",134368970,134680370
"DMFS","chr5:134509677","5:134507139",1,"PITX1-AS1","ENSG00000224186","100996485",0,"L4",1,"t","c",0.405,0.016,0.3772,0.4535,-0.0632,0.0089,9.187e-13,"--------------",29,18.305,13,0.1463,26791,5,134507139,"chr5",134368970,134680370
"DMFS","chr5:134509987","5:134507139",1,"PITX1-AS1","ENSG00000224186","100996485",0,"L4",1,"t","c",0.405,0.016,0.3772,0.4535,-0.0632,0.0089,9.187e-13,"--------------",29,18.305,13,0.1463,26791,5,134507139,"chr5",134368970,134680370
"DMFS","chr5:134510772","5:134507139",1,"PITX1-AS1","ENSG00000224186","100996485",0,"L4",1,"t","c",0.405,0.016,0.3772,0.4535,-0.0632,0.0089,9.187e-13,"--------------",29,18.305,13,0.1463,26791,5,134507139,"chr5",134368970,134680370
"DMFS","chr5:134512608","5:134507139",1,"PITX1-AS1","ENSG00000224186","100996485",0,"L4",1,"t","c",0.405,0.016,0.3772,0.4535,-0.0632,0.0089,9.187e-13,"--------------",29,18.305,13,0.1463,26791,5,134507139,"chr5",134368970,134680370
"DMFS","chr5:134512655","5:134507139",1,"PITX1-AS1","ENSG00000224186","100996485",0,"L4",1,"t","c",0.405,0.016,0.3772,0.4535,-0.0632,0.0089,9.187e-13,"--------------",29,18.305,13,0.1463,26791,5,134507139,"chr5",134368970,134680370
"DMFS","chr5:134514728","5:134507139",1,"PITX1-AS1","ENSG00000224186","100996485",0,"L4",1,"t","c",0.405,0.016,0.3772,0.4535,-0.0632,0.0089,9.187e-13,"--------------",29,18.305,13,0.1463,26791,5,134507139,"chr5",134368970,134680370
"DMFS","chr5:134519009","5:134507139",1,"PITX1-AS1","ENSG00000224186","100996485",0,"L4",1,"t","c",0.405,0.016,0.3772,0.4535,-0.0632,0.0089,9.187e-13,"--------------",29,18.305,13,0.1463,26791,5,134507139,"chr5",134368970,134680370
"DMFS","chr5:134519345","5:134507139",1,"PITX1-AS1","ENSG00000224186","100996485",0,"L4",1,"t","c",0.405,0.016,0.3772,0.4535,-0.0632,0.0089,9.187e-13,"--------------",29,18.305,13,0.1463,26791,5,134507139,"chr5",134368970,134680370
"DMFS","chr5:134522977","5:134507139",1,"PITX1-AS1","ENSG00000224186","100996485",0,"L4",1,"t","c",0.405,0.016,0.3772,0.4535,-0.0632,0.0089,9.187e-13,"--------------",29,18.305,13,0.1463,26791,5,134507139,"chr5",134368970,134680370
"DMFS","chr5:134532593","5:134507139",1,"PITX1-AS1","ENSG00000224186","100996485",0,"L4",1,"t","c",0.405,0.016,0.3772,0.4535,-0.0632,0.0089,9.187e-13,"--------------",29,18.305,13,0.1463,26791,5,134507139,"chr5",134368970,134680370
"DMFS","chr5:134504407","5:134510772",1,"PITX1-AS1","ENSG00000224186","100996485",0,"L2",1,"a","t",0.4299,0.025,0.3875,0.4571,-0.0622,0.0087,1.017e-12,"--------------",28,18.064,13,0.1551,26791,5,134510772,"chr5",134368970,134680370
"DMFS","chr5:134507139","5:134510772",1,"PITX1-AS1","ENSG00000224186","100996485",0,"L2",1,"a","t",0.4299,0.025,0.3875,0.4571,-0.0622,0.0087,1.017e-12,"--------------",28,18.064,13,0.1551,26791,5,134510772,"chr5",134368970,134680370
"DMFS","chr5:134507859","5:134510772",1,"PITX1-AS1","ENSG00000224186","100996485",0,"L2",1,"a","t",0.4299,0.025,0.3875,0.4571,-0.0622,0.0087,1.017e-12,"--------------",28,18.064,13,0.1551,26791,5,134510772,"chr5",134368970,134680370
"DMFS","chr5:134508559","5:134510772",1,"PITX1-AS1","ENSG00000224186","100996485",0,"L2",1,"a","t",0.4299,0.025,0.3875,0.4571,-0.0622,0.0087,1.017e-12,"--------------",28,18.064,13,0.1551,26791,5,134510772,"chr5",134368970,134680370
"DMFS","chr5:134509677","5:134510772",1,"PITX1-AS1","ENSG00000224186","100996485",0,"L2",1,"a","t",0.4299,0.025,0.3875,0.4571,-0.0622,0.0087,1.017e-12,"--------------",28,18.064,13,0.1551,26791,5,134510772,"chr5",134368970,134680370
"DMFS","chr5:134509987","5:134510772",1,"PITX1-AS1","ENSG00000224186","100996485",0,"L2",1,"a","t",0.4299,0.025,0.3875,0.4571,-0.0622,0.0087,1.017e-12,"--------------",28,18.064,13,0.1551,26791,5,134510772,"chr5",134368970,134680370
"DMFS","chr5:134510772","5:134510772",1,"PITX1-AS1","ENSG00000224186","100996485",0,"L2",1,"a","t",0.4299,0.025,0.3875,0.4571,-0.0622,0.0087,1.017e-12,"--------------",28,18.064,13,0.1551,26791,5,134510772,"chr5",134368970,134680370
"DMFS","chr5:134512608","5:134510772",1,"PITX1-AS1","ENSG00000224186","100996485",0,"L2",1,"a","t",0.4299,0.025,0.3875,0.4571,-0.0622,0.0087,1.017e-12,"--------------",28,18.064,13,0.1551,26791,5,134510772,"chr5",134368970,134680370
"DMFS","chr5:134512655","5:134510772",1,"PITX1-AS1","ENSG00000224186","100996485",0,"L2",1,"a","t",0.4299,0.025,0.3875,0.4571,-0.0622,0.0087,1.017e-12,"--------------",28,18.064,13,0.1551,26791,5,134510772,"chr5",134368970,134680370
"DMFS","chr5:134514728","5:134510772",1,"PITX1-AS1","ENSG00000224186","100996485",0,"L2",1,"a","t",0.4299,0.025,0.3875,0.4571,-0.0622,0.0087,1.017e-12,"--------------",28,18.064,13,0.1551,26791,5,134510772,"chr5",134368970,134680370
"DMFS","chr5:134519009","5:134510772",1,"PITX1-AS1","ENSG00000224186","100996485",0,"L2",1,"a","t",0.4299,0.025,0.3875,0.4571,-0.0622,0.0087,1.017e-12,"--------------",28,18.064,13,0.1551,26791,5,134510772,"chr5",134368970,134680370
"DMFS","chr5:134519345","5:134510772",1,"PITX1-AS1","ENSG00000224186","100996485",0,"L2",1,"a","t",0.4299,0.025,0.3875,0.4571,-0.0622,0.0087,1.017e-12,"--------------",28,18.064,13,0.1551,26791,5,134510772,"chr5",134368970,134680370
"DMFS","chr5:134522977","5:134510772",1,"PITX1-AS1","ENSG00000224186","100996485",0,"L2",1,"a","t",0.4299,0.025,0.3875,0.4571,-0.0622,0.0087,1.017e-12,"--------------",28,18.064,13,0.1551,26791,5,134510772,"chr5",134368970,134680370
"DMFS","chr5:134532593","5:134510772",1,"PITX1-AS1","ENSG00000224186","100996485",0,"L2",1,"a","t",0.4299,0.025,0.3875,0.4571,-0.0622,0.0087,1.017e-12,"--------------",28,18.064,13,0.1551,26791,5,134510772,"chr5",134368970,134680370
"DMFS","chr5:134504407","5:134512655",1,"PITX1-AS1","ENSG00000224186","100996485",0,"L8",1,"t","c",0.3934,0.017,0.3668,0.449,-0.0624,0.0089,2.047e-12,"--------------",29.7,18.5,13,0.1394,26791,5,134512655,"chr5",134368970,134680370
"DMFS","chr5:134507139","5:134512655",1,"PITX1-AS1","ENSG00000224186","100996485",0,"L8",1,"t","c",0.3934,0.017,0.3668,0.449,-0.0624,0.0089,2.047e-12,"--------------",29.7,18.5,13,0.1394,26791,5,134512655,"chr5",134368970,134680370
"DMFS","chr5:134507859","5:134512655",1,"PITX1-AS1","ENSG00000224186","100996485",0,"L8",1,"t","c",0.3934,0.017,0.3668,0.449,-0.0624,0.0089,2.047e-12,"--------------",29.7,18.5,13,0.1394,26791,5,134512655,"chr5",134368970,134680370
"DMFS","chr5:134508559","5:134512655",1,"PITX1-AS1","ENSG00000224186","100996485",0,"L8",1,"t","c",0.3934,0.017,0.3668,0.449,-0.0624,0.0089,2.047e-12,"--------------",29.7,18.5,13,0.1394,26791,5,134512655,"chr5",134368970,134680370
"DMFS","chr5:134509677","5:134512655",1,"PITX1-AS1","ENSG00000224186","100996485",0,"L8",1,"t","c",0.3934,0.017,0.3668,0.449,-0.0624,0.0089,2.047e-12,"--------------",29.7,18.5,13,0.1394,26791,5,134512655,"chr5",134368970,134680370
"DMFS","chr5:134509987","5:134512655",1,"PITX1-AS1","ENSG00000224186","100996485",0,"L8",1,"t","c",0.3934,0.017,0.3668,0.449,-0.0624,0.0089,2.047e-12,"--------------",29.7,18.5,13,0.1394,26791,5,134512655,"chr5",134368970,134680370
"DMFS","chr5:134510772","5:134512655",1,"PITX1-AS1","ENSG00000224186","100996485",0,"L8",1,"t","c",0.3934,0.017,0.3668,0.449,-0.0624,0.0089,2.047e-12,"--------------",29.7,18.5,13,0.1394,26791,5,134512655,"chr5",134368970,134680370
"DMFS","chr5:134512608","5:134512655",1,"PITX1-AS1","ENSG00000224186","100996485",0,"L8",1,"t","c",0.3934,0.017,0.3668,0.449,-0.0624,0.0089,2.047e-12,"--------------",29.7,18.5,13,0.1394,26791,5,134512655,"chr5",134368970,134680370
"DMFS","chr5:134512655","5:134512655",1,"PITX1-AS1","ENSG00000224186","100996485",0,"L8",1,"t","c",0.3934,0.017,0.3668,0.449,-0.0624,0.0089,2.047e-12,"--------------",29.7,18.5,13,0.1394,26791,5,134512655,"chr5",134368970,134680370
"DMFS","chr5:134514728","5:134512655",1,"PITX1-AS1","ENSG00000224186","100996485",0,"L8",1,"t","c",0.3934,0.017,0.3668,0.449,-0.0624,0.0089,2.047e-12,"--------------",29.7,18.5,13,0.1394,26791,5,134512655,"chr5",134368970,134680370
"DMFS","chr5:134519009","5:134512655",1,"PITX1-AS1","ENSG00000224186","100996485",0,"L8",1,"t","c",0.3934,0.017,0.3668,0.449,-0.0624,0.0089,2.047e-12,"--------------",29.7,18.5,13,0.1394,26791,5,134512655,"chr5",134368970,134680370
"DMFS","chr5:134519345","5:134512655",1,"PITX1-AS1","ENSG00000224186","100996485",0,"L8",1,"t","c",0.3934,0.017,0.3668,0.449,-0.0624,0.0089,2.047e-12,"--------------",29.7,18.5,13,0.1394,26791,5,134512655,"chr5",134368970,134680370
"DMFS","chr5:134522977","5:134512655",1,"PITX1-AS1","ENSG00000224186","100996485",0,"L8",1,"t","c",0.3934,0.017,0.3668,0.449,-0.0624,0.0089,2.047e-12,"--------------",29.7,18.5,13,0.1394,26791,5,134512655,"chr5",134368970,134680370
"DMFS","chr5:134532593","5:134512655",1,"PITX1-AS1","ENSG00000224186","100996485",0,"L8",1,"t","c",0.3934,0.017,0.3668,0.449,-0.0624,0.0089,2.047e-12,"--------------",29.7,18.5,13,0.1394,26791,5,134512655,"chr5",134368970,134680370
"DMFS","chr5:134504407","5:134504407",1,"PITX1-AS1","ENSG00000224186","100996485",0,"L6",1,"c","g",0.4079,0.0161,0.3786,0.455,-0.0603,0.0089,1.111e-11,"--------------",33.4,19.515,13,0.108,26791,5,134504407,"chr5",134368970,134680370
"DMFS","chr5:134507139","5:134504407",1,"PITX1-AS1","ENSG00000224186","100996485",0,"L6",1,"c","g",0.4079,0.0161,0.3786,0.455,-0.0603,0.0089,1.111e-11,"--------------",33.4,19.515,13,0.108,26791,5,134504407,"chr5",134368970,134680370
"DMFS","chr5:134507859","5:134504407",1,"PITX1-AS1","ENSG00000224186","100996485",0,"L6",1,"c","g",0.4079,0.0161,0.3786,0.455,-0.0603,0.0089,1.111e-11,"--------------",33.4,19.515,13,0.108,26791,5,134504407,"chr5",134368970,134680370
"DMFS","chr5:134508559","5:134504407",1,"PITX1-AS1","ENSG00000224186","100996485",0,"L6",1,"c","g",0.4079,0.0161,0.3786,0.455,-0.0603,0.0089,1.111e-11,"--------------",33.4,19.515,13,0.108,26791,5,134504407,"chr5",134368970,134680370
"DMFS","chr5:134509677","5:134504407",1,"PITX1-AS1","ENSG00000224186","100996485",0,"L6",1,"c","g",0.4079,0.0161,0.3786,0.455,-0.0603,0.0089,1.111e-11,"--------------",33.4,19.515,13,0.108,26791,5,134504407,"chr5",134368970,134680370
"DMFS","chr5:134509987","5:134504407",1,"PITX1-AS1","ENSG00000224186","100996485",0,"L6",1,"c","g",0.4079,0.0161,0.3786,0.455,-0.0603,0.0089,1.111e-11,"--------------",33.4,19.515,13,0.108,26791,5,134504407,"chr5",134368970,134680370
"DMFS","chr5:134510772","5:134504407",1,"PITX1-AS1","ENSG00000224186","100996485",0,"L6",1,"c","g",0.4079,0.0161,0.3786,0.455,-0.0603,0.0089,1.111e-11,"--------------",33.4,19.515,13,0.108,26791,5,134504407,"chr5",134368970,134680370
"DMFS","chr5:134512608","5:134504407",1,"PITX1-AS1","ENSG00000224186","100996485",0,"L6",1,"c","g",0.4079,0.0161,0.3786,0.455,-0.0603,0.0089,1.111e-11,"--------------",33.4,19.515,13,0.108,26791,5,134504407,"chr5",134368970,134680370
"DMFS","chr5:134512655","5:134504407",1,"PITX1-AS1","ENSG00000224186","100996485",0,"L6",1,"c","g",0.4079,0.0161,0.3786,0.455,-0.0603,0.0089,1.111e-11,"--------------",33.4,19.515,13,0.108,26791,5,134504407,"chr5",134368970,134680370
"DMFS","chr5:134514728","5:134504407",1,"PITX1-AS1","ENSG00000224186","100996485",0,"L6",1,"c","g",0.4079,0.0161,0.3786,0.455,-0.0603,0.0089,1.111e-11,"--------------",33.4,19.515,13,0.108,26791,5,134504407,"chr5",134368970,134680370
"DMFS","chr5:134519009","5:134504407",1,"PITX1-AS1","ENSG00000224186","100996485",0,"L6",1,"c","g",0.4079,0.0161,0.3786,0.455,-0.0603,0.0089,1.111e-11,"--------------",33.4,19.515,13,0.108,26791,5,134504407,"chr5",134368970,134680370
"DMFS","chr5:134519345","5:134504407",1,"PITX1-AS1","ENSG00000224186","100996485",0,"L6",1,"c","g",0.4079,0.0161,0.3786,0.455,-0.0603,0.0089,1.111e-11,"--------------",33.4,19.515,13,0.108,26791,5,134504407,"chr5",134368970,134680370
"DMFS","chr5:134522977","5:134504407",1,"PITX1-AS1","ENSG00000224186","100996485",0,"L6",1,"c","g",0.4079,0.0161,0.3786,0.455,-0.0603,0.0089,1.111e-11,"--------------",33.4,19.515,13,0.108,26791,5,134504407,"chr5",134368970,134680370
"DMFS","chr5:134532593","5:134504407",1,"PITX1-AS1","ENSG00000224186","100996485",0,"L6",1,"c","g",0.4079,0.0161,0.3786,0.455,-0.0603,0.0089,1.111e-11,"--------------",33.4,19.515,13,0.108,26791,5,134504407,"chr5",134368970,134680370
"DMFS","chr15:63636878","15:63636878",1,"CA12","ENSG00000074410","771",0,"L2",1,"t","c",0.4505,0.0939,0.3387,0.5441,0.0492,0.009,4.126e-08,"+-++++++++++++",26.9,17.775,13,0.1663,26790,15,63636878,"chr15",63615730,63674075
"DMFS","chr15:63639416","15:63636878",1,"CA12","ENSG00000074410","771",0,"L2",1,"t","c",0.4505,0.0939,0.3387,0.5441,0.0492,0.009,4.126e-08,"+-++++++++++++",26.9,17.775,13,0.1663,26790,15,63636878,"chr15",63615730,63674075
"DMFS","chr15:63642284","15:63636878",1,"CA12","ENSG00000074410","771",0,"L2",1,"t","c",0.4505,0.0939,0.3387,0.5441,0.0492,0.009,4.126e-08,"+-++++++++++++",26.9,17.775,13,0.1663,26790,15,63636878,"chr15",63615730,63674075
"DMFS","chr15:63648678","15:63636878",1,"CA12","ENSG00000074410","771",0,"L2",1,"t","c",0.4505,0.0939,0.3387,0.5441,0.0492,0.009,4.126e-08,"+-++++++++++++",26.9,17.775,13,0.1663,26790,15,63636878,"chr15",63615730,63674075
"DMFS","chr15:63649494","15:63636878",1,"CA12","ENSG00000074410","771",0,"L2",1,"t","c",0.4505,0.0939,0.3387,0.5441,0.0492,0.009,4.126e-08,"+-++++++++++++",26.9,17.775,13,0.1663,26790,15,63636878,"chr15",63615730,63674075
"DMFS","chr15:63636878","15:63661150",1,"CA12","ENSG00000074410","771",0,"L5",1,"d","i",0.4818,0.0745,0.3852,0.5603,-0.0447,0.009,6.235e-07,"??----------+-",23.6,14.395,11,0.2119,25674,15,63661150,"chr15",63615730,63674075
"DMFS","chr15:63639416","15:63661150",1,"CA12","ENSG00000074410","771",0,"L5",1,"d","i",0.4818,0.0745,0.3852,0.5603,-0.0447,0.009,6.235e-07,"??----------+-",23.6,14.395,11,0.2119,25674,15,63661150,"chr15",63615730,63674075
"DMFS","chr15:63642284","15:63661150",1,"CA12","ENSG00000074410","771",0,"L5",1,"d","i",0.4818,0.0745,0.3852,0.5603,-0.0447,0.009,6.235e-07,"??----------+-",23.6,14.395,11,0.2119,25674,15,63661150,"chr15",63615730,63674075
"DMFS","chr15:63648678","15:63661150",1,"CA12","ENSG00000074410","771",0,"L5",1,"d","i",0.4818,0.0745,0.3852,0.5603,-0.0447,0.009,6.235e-07,"??----------+-",23.6,14.395,11,0.2119,25674,15,63661150,"chr15",63615730,63674075
"DMFS","chr15:63649494","15:63661150",1,"CA12","ENSG00000074410","771",0,"L5",1,"d","i",0.4818,0.0745,0.3852,0.5603,-0.0447,0.009,6.235e-07,"??----------+-",23.6,14.395,11,0.2119,25674,15,63661150,"chr15",63615730,63674075
"DMFS","chr15:63636878","15:63678447",1,"CA12","ENSG00000074410","771",4371,"L7",1,"c","g",0.5642,0.0992,0.4605,0.6825,-0.0423,0.009,2.91e-06,"+-------+---+-",0,12.39,13,0.496,26790,15,63678447,"chr15",63615730,63674075
"DMFS","chr15:63639416","15:63678447",1,"CA12","ENSG00000074410","771",4371,"L7",1,"c","g",0.5642,0.0992,0.4605,0.6825,-0.0423,0.009,2.91e-06,"+-------+---+-",0,12.39,13,0.496,26790,15,63678447,"chr15",63615730,63674075
"DMFS","chr15:63642284","15:63678447",1,"CA12","ENSG00000074410","771",4371,"L7",1,"c","g",0.5642,0.0992,0.4605,0.6825,-0.0423,0.009,2.91e-06,"+-------+---+-",0,12.39,13,0.496,26790,15,63678447,"chr15",63615730,63674075
"DMFS","chr15:63648678","15:63678447",1,"CA12","ENSG00000074410","771",4371,"L7",1,"c","g",0.5642,0.0992,0.4605,0.6825,-0.0423,0.009,2.91e-06,"+-------+---+-",0,12.39,13,0.496,26790,15,63678447,"chr15",63615730,63674075
"DMFS","chr15:63649494","15:63678447",1,"CA12","ENSG00000074410","771",4371,"L7",1,"c","g",0.5642,0.0992,0.4605,0.6825,-0.0423,0.009,2.91e-06,"+-------+---+-",0,12.39,13,0.496,26790,15,63678447,"chr15",63615730,63674075
"DMFS","chr15:63636878","15:63625176",1,"CA12","ENSG00000074410","771",0,"L1",1,"t","g",0.57,0.1008,0.4599,0.6951,-0.0421,0.009,3.317e-06,"-+------+---+-",29.7,18.503,13,0.1393,26790,15,63625176,"chr15",63615730,63674075
"DMFS","chr15:63639416","15:63625176",1,"CA12","ENSG00000074410","771",0,"L1",1,"t","g",0.57,0.1008,0.4599,0.6951,-0.0421,0.009,3.317e-06,"-+------+---+-",29.7,18.503,13,0.1393,26790,15,63625176,"chr15",63615730,63674075
"DMFS","chr15:63642284","15:63625176",1,"CA12","ENSG00000074410","771",0,"L1",1,"t","g",0.57,0.1008,0.4599,0.6951,-0.0421,0.009,3.317e-06,"-+------+---+-",29.7,18.503,13,0.1393,26790,15,63625176,"chr15",63615730,63674075
"DMFS","chr15:63648678","15:63625176",1,"CA12","ENSG00000074410","771",0,"L1",1,"t","g",0.57,0.1008,0.4599,0.6951,-0.0421,0.009,3.317e-06,"-+------+---+-",29.7,18.503,13,0.1393,26790,15,63625176,"chr15",63615730,63674075
"DMFS","chr15:63649494","15:63625176",1,"CA12","ENSG00000074410","771",0,"L1",1,"t","g",0.57,0.1008,0.4599,0.6951,-0.0421,0.009,3.317e-06,"-+------+---+-",29.7,18.503,13,0.1393,26790,15,63625176,"chr15",63615730,63674075
"DMFS","chr7:105964857","7:106040271",1,"NAMPT","ENSG00000105835","10135",114632,"L8",1,"a","g",0.0437,0.0115,0.0145,0.0532,0.0973,0.0222,1.154e-05,"-++++-+++++-++",0,6.599,13,0.9216,26790,7,106040271,"chr7",105888732,105925638
"DMFS","chr7:105964857","7:106040360",1,"NAMPT","ENSG00000105835","10135",114721,"L2",1,"a","g",0.0437,0.0115,0.0145,0.0532,0.0973,0.0222,1.162e-05,"-++++-+++++-++",0,6.599,13,0.9216,26791,7,106040360,"chr7",105888732,105925638
"DMFS","chr7:105964857","7:106041100",1,"NAMPT","ENSG00000105835","10135",115461,"L4",1,"a","c",0.0437,0.0115,0.0145,0.0532,0.0972,0.0222,1.193e-05,"-++++-+++++-++",0,6.599,13,0.9216,26790,7,106041100,"chr7",105888732,105925638
"DMFS","chr7:105964857","7:106041380",1,"NAMPT","ENSG00000105835","10135",115741,"L10",1,"t","g",0.0437,0.0115,0.0145,0.0532,0.0971,0.0222,1.208e-05,"-++++-+++++-++",0,6.598,13,0.9216,26791,7,106041380,"chr7",105888732,105925638
"DMFS","chr7:105964857","7:106048606",1,"NAMPT","ENSG00000105835","10135",122967,"L6",1,"a","t",0.044,0.0116,0.0146,0.0535,0.0942,0.0222,2.173e-05,"-++++-+++++-++",0,6.575,13,0.9227,26790,7,106048606,"chr7",105888732,105925638
"DMFS","chr15:63636878","15:63676097",1,"CA12","ENSG00000074410","771",2021,"L9",1,"a","g",0.5869,0.0843,0.4887,0.6866,-0.0367,0.009,5.067e-05,"+-------+---+-",22.7,16.828,13,0.2073,26790,15,63676097,"chr15",63615730,63674075
"DMFS","chr15:63639416","15:63676097",1,"CA12","ENSG00000074410","771",2021,"L9",1,"a","g",0.5869,0.0843,0.4887,0.6866,-0.0367,0.009,5.067e-05,"+-------+---+-",22.7,16.828,13,0.2073,26790,15,63676097,"chr15",63615730,63674075
"DMFS","chr15:63642284","15:63676097",1,"CA12","ENSG00000074410","771",2021,"L9",1,"a","g",0.5869,0.0843,0.4887,0.6866,-0.0367,0.009,5.067e-05,"+-------+---+-",22.7,16.828,13,0.2073,26790,15,63676097,"chr15",63615730,63674075
"DMFS","chr15:63648678","15:63676097",1,"CA12","ENSG00000074410","771",2021,"L9",1,"a","g",0.5869,0.0843,0.4887,0.6866,-0.0367,0.009,5.067e-05,"+-------+---+-",22.7,16.828,13,0.2073,26790,15,63676097,"chr15",63615730,63674075
"DMFS","chr15:63649494","15:63676097",1,"CA12","ENSG00000074410","771",2021,"L9",1,"a","g",0.5869,0.0843,0.4887,0.6866,-0.0367,0.009,5.067e-05,"+-------+---+-",22.7,16.828,13,0.2073,26790,15,63676097,"chr15",63615730,63674075
"DMFS","chr7:105964857","7:106046806",0.999999999665865,"NAMPT","ENSG00000105835","10135",121167,"L3",1,"d","i",0.9558,0.0113,0.9467,0.9855,-0.0992,0.0225,1.016e-05,"??---+-----+--",0,4.649,11,0.947,25674,7,106046806,"chr7",105888732,105925638
"DMFS","chr15:63648678","15:63639416",0.999999999489255,"CA12","ENSG00000074410","771",0,"L3",1,"t","c",0.5404,0.1218,0.4162,0.6851,-0.052,0.0092,1.584e-08,"-+------------",27.5,17.927,13,0.1603,26789,15,63639416,"chr15",63615730,63674075
"DMFS","chr15:63649494","15:63639416",0.999999999488928,"CA12","ENSG00000074410","771",0,"L3",1,"t","c",0.5404,0.1218,0.4162,0.6851,-0.052,0.0092,1.584e-08,"-+------------",27.5,17.927,13,0.1603,26789,15,63639416,"chr15",63615730,63674075
"DMFS","chr15:63642284","15:63639416",0.999999999448549,"CA12","ENSG00000074410","771",0,"L3",1,"t","c",0.5404,0.1218,0.4162,0.6851,-0.052,0.0092,1.584e-08,"-+------------",27.5,17.927,13,0.1603,26789,15,63639416,"chr15",63615730,63674075
"DMFS","chr15:63636878","15:63639416",0.9999999994382,"CA12","ENSG00000074410","771",0,"L3",1,"t","c",0.5404,0.1218,0.4162,0.6851,-0.052,0.0092,1.584e-08,"-+------------",27.5,17.927,13,0.1603,26789,15,63639416,"chr15",63615730,63674075
"DMFS","chr15:63639416","15:63639416",0.999999999430361,"CA12","ENSG00000074410","771",0,"L3",1,"t","c",0.5404,0.1218,0.4162,0.6851,-0.052,0.0092,1.584e-08,"-+------------",27.5,17.927,13,0.1603,26789,15,63639416,"chr15",63615730,63674075
"DMFS","chr15:63648678","15:63675992",0.999999947192754,"CA12","ENSG00000074410","771",1916,"L8",1,"d","i",0.4086,0.0841,0.3129,0.5001,0.0391,0.0093,2.485e-05,"??++++++-+++-+",23.6,14.403,11,0.2115,25675,15,63675992,"chr15",63615730,63674075
"DMFS","chr15:63649494","15:63675992",0.999999947160794,"CA12","ENSG00000074410","771",1916,"L8",1,"d","i",0.4086,0.0841,0.3129,0.5001,0.0391,0.0093,2.485e-05,"??++++++-+++-+",23.6,14.403,11,0.2115,25675,15,63675992,"chr15",63615730,63674075
"DMFS","chr15:63642284","15:63675992",0.9999999434461,"CA12","ENSG00000074410","771",1916,"L8",1,"d","i",0.4086,0.0841,0.3129,0.5001,0.0391,0.0093,2.485e-05,"??++++++-+++-+",23.6,14.403,11,0.2115,25675,15,63675992,"chr15",63615730,63674075
"DMFS","chr15:63636878","15:63675992",0.99999994245643,"CA12","ENSG00000074410","771",1916,"L8",1,"d","i",0.4086,0.0841,0.3129,0.5001,0.0391,0.0093,2.485e-05,"??++++++-+++-+",23.6,14.403,11,0.2115,25675,15,63675992,"chr15",63615730,63674075
"DMFS","chr15:63639416","15:63675992",0.999999941709996,"CA12","ENSG00000074410","771",1916,"L8",1,"d","i",0.4086,0.0841,0.3129,0.5001,0.0391,0.0093,2.485e-05,"??++++++-+++-+",23.6,14.403,11,0.2115,25675,15,63675992,"chr15",63615730,63674075
"DMFS","chr7:105964857","7:106042652",0.999999919472467,"NAMPT","ENSG00000105835","10135",117013,"L1",1,"a","g",0.9563,0.0115,0.9468,0.9855,-0.0969,0.0222,1.258e-05,"+----+-----+--",0,6.597,13,0.9217,26792,7,106042652,"chr7",105888732,105925638
"DMFS","chr7:105964857","7:106042928",0.999999854460808,"NAMPT","ENSG00000105835","10135",117289,"L9",1,"t","c",0.9563,0.0115,0.9468,0.9855,-0.0968,0.0222,1.275e-05,"+----+-----+--",0,6.597,13,0.9217,26790,7,106042928,"chr7",105888732,105925638
"DMFS","chr15:63648678","15:63624526",0.99999975404998,"CA12","ENSG00000074410","771",0,"L10",1,"t","c",0.4285,0.1009,0.3037,0.5402,0.0424,0.009,2.73e-06,"+-++++++-+++-+",28.7,18.236,13,0.1488,26791,15,63624526,"chr15",63615730,63674075
"DMFS","chr15:63649494","15:63624526",0.999999753787656,"CA12","ENSG00000074410","771",0,"L10",1,"t","c",0.4285,0.1009,0.3037,0.5402,0.0424,0.009,2.73e-06,"+-++++++-+++-+",28.7,18.236,13,0.1488,26791,15,63624526,"chr15",63615730,63674075
"DMFS","chr15:63642284","15:63624526",0.999999720651517,"CA12","ENSG00000074410","771",0,"L10",1,"t","c",0.4285,0.1009,0.3037,0.5402,0.0424,0.009,2.73e-06,"+-++++++-+++-+",28.7,18.236,13,0.1488,26791,15,63624526,"chr15",63615730,63674075
"DMFS","chr15:63636878","15:63624526",0.999999711944128,"CA12","ENSG00000074410","771",0,"L10",1,"t","c",0.4285,0.1009,0.3037,0.5402,0.0424,0.009,2.73e-06,"+-++++++-+++-+",28.7,18.236,13,0.1488,26791,15,63624526,"chr15",63615730,63674075
"DMFS","chr15:63639416","15:63624526",0.999999705291676,"CA12","ENSG00000074410","771",0,"L10",1,"t","c",0.4285,0.1009,0.3037,0.5402,0.0424,0.009,2.73e-06,"+-++++++-+++-+",28.7,18.236,13,0.1488,26791,15,63624526,"chr15",63615730,63674075
"DMFS","chr7:105964857","7:106045787",0.99996581658838,"NAMPT","ENSG00000105835","10135",120148,"L5",1,"t","c",0.9563,0.0115,0.9468,0.9855,-0.0958,0.0222,1.569e-05,"+----+-----+--",0,6.577,13,0.9226,26791,7,106045787,"chr7",105888732,105925638
"DMFS","chr7:105964857","7:106044963",0.999259107854058,"NAMPT","ENSG00000105835","10135",119324,"L7",1,"t","c",0.9563,0.0115,0.9469,0.9855,-0.0953,0.0222,1.719e-05,"+----+-----+--",0,6.576,13,0.9227,26790,7,106044963,"chr7",105888732,105925638
"DMFS","chr15:63648678","15:63648678",0.998058140945026,"CA12","ENSG00000074410","771",0,"L4",1,"t","c",0.4652,0.1306,0.3053,0.5924,0.052,0.0091,1.146e-08,"++++++++-+++-+",22,16.666,13,0.215,26790,15,63648678,"chr15",63615730,63674075
"DMFS","chr15:63649494","15:63648678",0.998057632664202,"CA12","ENSG00000074410","771",0,"L4",1,"t","c",0.4652,0.1306,0.3053,0.5924,0.052,0.0091,1.146e-08,"++++++++-+++-+",22,16.666,13,0.215,26790,15,63648678,"chr15",63615730,63674075
"DMFS","chr15:63642284","15:63648678",0.997995168174026,"CA12","ENSG00000074410","771",0,"L4",1,"t","c",0.4652,0.1306,0.3053,0.5924,0.052,0.0091,1.146e-08,"++++++++-+++-+",22,16.666,13,0.215,26790,15,63648678,"chr15",63615730,63674075
"DMFS","chr15:63636878","15:63648678",0.997979815037509,"CA12","ENSG00000074410","771",0,"L4",1,"t","c",0.4652,0.1306,0.3053,0.5924,0.052,0.0091,1.146e-08,"++++++++-+++-+",22,16.666,13,0.215,26790,15,63648678,"chr15",63615730,63674075
"DMFS","chr15:63639416","15:63648678",0.997968297662184,"CA12","ENSG00000074410","771",0,"L4",1,"t","c",0.4652,0.1306,0.3053,0.5924,0.052,0.0091,1.146e-08,"++++++++-+++-+",22,16.666,13,0.215,26790,15,63648678,"chr15",63615730,63674075
"DMFS","chr15:63648678","15:63676036",0.784519131574514,"CA12","ENSG00000074410","771",1960,"L6",0.945183002698309,"t","c",0.413,0.0846,0.3129,0.5113,0.0365,0.009,5.576e-05,"-+++++++-+++-+",21.2,16.503,13,0.223,26791,15,63676036,"chr15",63615730,63674075
"DMFS","chr15:63649494","15:63676036",0.784506710976151,"CA12","ENSG00000074410","771",1960,"L6",0.945180397974115,"t","c",0.413,0.0846,0.3129,0.5113,0.0365,0.009,5.576e-05,"-+++++++-+++-+",21.2,16.503,13,0.223,26791,15,63676036,"chr15",63615730,63674075
"DMFS","chr15:63642284","15:63676036",0.783027675757938,"CA12","ENSG00000074410","771",1960,"L6",0.944869939323169,"t","c",0.413,0.0846,0.3129,0.5113,0.0365,0.009,5.576e-05,"-+++++++-+++-+",21.2,16.503,13,0.223,26791,15,63676036,"chr15",63615730,63674075
"DMFS","chr15:63636878","15:63676036",0.782666806060547,"CA12","ENSG00000074410","771",1960,"L6",0.944793736546468,"t","c",0.413,0.0846,0.3129,0.5113,0.0365,0.009,5.576e-05,"-+++++++-+++-+",21.2,16.503,13,0.223,26791,15,63676036,"chr15",63615730,63674075
"DMFS","chr15:63639416","15:63676036",0.782397790241939,"CA12","ENSG00000074410","771",1960,"L6",0.944736884068653,"t","c",0.413,0.0846,0.3129,0.5113,0.0365,0.009,5.576e-05,"-+++++++-+++-+",21.2,16.503,13,0.223,26791,15,63676036,"chr15",63615730,63674075
"DMFS","chr15:63639416","15:63676954",0.191594965822457,"CA12","ENSG00000074410","771",2878,"L6",0.944736884068653,"a","c",0.4132,0.0842,0.3135,0.5113,0.0363,0.009,5.929e-05,"-+++++++-+++-+",21.4,16.545,13,0.221,26790,15,63676954,"chr15",63615730,63674075
"DMFS","chr15:63636878","15:63676954",0.19141573193072,"CA12","ENSG00000074410","771",2878,"L6",0.944793736546468,"a","c",0.4132,0.0842,0.3135,0.5113,0.0363,0.009,5.929e-05,"-+++++++-+++-+",21.4,16.545,13,0.221,26790,15,63676954,"chr15",63615730,63674075
"DMFS","chr15:63642284","15:63676954",0.191174964295542,"CA12","ENSG00000074410","771",2878,"L6",0.944869939323169,"a","c",0.4132,0.0842,0.3135,0.5113,0.0363,0.009,5.929e-05,"-+++++++-+++-+",21.4,16.545,13,0.221,26790,15,63676954,"chr15",63615730,63674075
"DMFS","chr15:63649494","15:63676954",0.190184016880811,"CA12","ENSG00000074410","771",2878,"L6",0.945180397974115,"a","c",0.4132,0.0842,0.3135,0.5113,0.0363,0.009,5.929e-05,"-+++++++-+++-+",21.4,16.545,13,0.221,26790,15,63676954,"chr15",63615730,63674075
"DMFS","chr15:63648678","15:63676954",0.19017567029995,"CA12","ENSG00000074410","771",2878,"L6",0.945183002698309,"a","c",0.4132,0.0842,0.3135,0.5113,0.0363,0.009,5.929e-05,"-+++++++-+++-+",21.4,16.545,13,0.221,26790,15,63676954,"chr15",63615730,63674075
